<?xml version="1.0" encoding="UTF-8"?>
<GenRun Id="impl_1" LaunchPart="xc7a35tcpg236-1" LaunchTime="1642547790">
  <File Type="ROUTE-PWR" Name="source_file_power_routed.rpt"/>
  <File Type="PA-TCL" Name="source_file.tcl"/>
  <File Type="BITSTR-MMI" Name="source_file.mmi"/>
  <File Type="OPT-METHODOLOGY-DRC" Name="source_file_methodology_drc_opted.rpt"/>
  <File Type="INIT-TIMING" Name="source_file_timing_summary_init.rpt"/>
  <File Type="ROUTE-PWR-SUM" Name="source_file_power_summary_routed.pb"/>
  <File Type="REPORTS-TCL" Name="source_file_reports.tcl"/>
  <File Type="OPT-TIMING" Name="source_file_timing_summary_opted.rpt"/>
  <File Type="OPT-DCP" Name="source_file_opt.dcp"/>
  <File Type="OPT-DRC" Name="source_file_drc_opted.rpt"/>
  <File Type="OPT-HWDEF" Name="source_file.hwdef"/>
  <File Type="PWROPT-DCP" Name="source_file_pwropt.dcp"/>
  <File Type="PWROPT-DRC" Name="source_file_drc_pwropted.rpt"/>
  <File Type="PWROPT-TIMING" Name="source_file_timing_summary_pwropted.rpt"/>
  <File Type="PLACE-DCP" Name="source_file_placed.dcp"/>
  <File Type="PLACE-IO" Name="source_file_io_placed.rpt"/>
  <File Type="PLACE-CLK" Name="source_file_clock_utilization_placed.rpt"/>
  <File Type="PLACE-UTIL" Name="source_file_utilization_placed.rpt"/>
  <File Type="PLACE-UTIL-PB" Name="source_file_utilization_placed.pb"/>
  <File Type="PLACE-CTRL" Name="source_file_control_sets_placed.rpt"/>
  <File Type="PLACE-SIMILARITY" Name="source_file_incremental_reuse_placed.rpt"/>
  <File Type="PLACE-PRE-SIMILARITY" Name="source_file_incremental_reuse_pre_placed.rpt"/>
  <File Type="BG-BIN" Name="source_file.bin"/>
  <File Type="PLACE-TIMING" Name="source_file_timing_summary_placed.rpt"/>
  <File Type="POSTPLACE-PWROPT-DCP" Name="source_file_postplace_pwropt.dcp"/>
  <File Type="BITSTR-MSK" Name="source_file.msk"/>
  <File Type="POSTPLACE-PWROPT-TIMING" Name="source_file_timing_summary_postplace_pwropted.rpt"/>
  <File Type="PHYSOPT-DCP" Name="source_file_physopt.dcp"/>
  <File Type="PHYSOPT-DRC" Name="source_file_drc_physopted.rpt"/>
  <File Type="BITSTR-RBT" Name="source_file.rbt"/>
  <File Type="PHYSOPT-TIMING" Name="source_file_timing_summary_physopted.rpt"/>
  <File Type="ROUTE-ERROR-DCP" Name="source_file_routed_error.dcp"/>
  <File Type="ROUTE-DCP" Name="source_file_routed.dcp"/>
  <File Type="ROUTE-BLACKBOX-DCP" Name="source_file_routed_bb.dcp"/>
  <File Type="ROUTE-DRC" Name="source_file_drc_routed.rpt"/>
  <File Type="ROUTE-DRC-PB" Name="source_file_drc_routed.pb"/>
  <File Type="ROUTE-DRC-RPX" Name="source_file_drc_routed.rpx"/>
  <File Type="ROUTE-METHODOLOGY-DRC" Name="source_file_methodology_drc_routed.rpt"/>
  <File Type="ROUTE-METHODOLOGY-DRC-RPX" Name="source_file_methodology_drc_routed.rpx"/>
  <File Type="ROUTE-METHODOLOGY-DRC-PB" Name="source_file_methodology_drc_routed.pb"/>
  <File Type="ROUTE-PWR-RPX" Name="source_file_power_routed.rpx"/>
  <File Type="ROUTE-STATUS" Name="source_file_route_status.rpt"/>
  <File Type="ROUTE-STATUS-PB" Name="source_file_route_status.pb"/>
  <File Type="ROUTE-TIMINGSUMMARY" Name="source_file_timing_summary_routed.rpt"/>
  <File Type="ROUTE-TIMING-PB" Name="source_file_timing_summary_routed.pb"/>
  <File Type="ROUTE-TIMING-RPX" Name="source_file_timing_summary_routed.rpx"/>
  <File Type="ROUTE-SIMILARITY" Name="source_file_incremental_reuse_routed.rpt"/>
  <File Type="ROUTE-CLK" Name="source_file_clock_utilization_routed.rpt"/>
  <File Type="ROUTE-BUS-SKEW" Name="source_file_bus_skew_routed.rpt"/>
  <File Type="ROUTE-BUS-SKEW-PB" Name="source_file_bus_skew_routed.pb"/>
  <File Type="ROUTE-BUS-SKEW-RPX" Name="source_file_bus_skew_routed.rpx"/>
  <File Type="POSTROUTE-PHYSOPT-DCP" Name="source_file_postroute_physopt.dcp"/>
  <File Type="POSTROUTE-PHYSOPT-BLACKBOX-DCP" Name="source_file_postroute_physopt_bb.dcp"/>
  <File Type="POSTROUTE-PHYSOPT-TIMING" Name="source_file_timing_summary_postroute_physopted.rpt"/>
  <File Type="POSTROUTE-PHYSOPT-TIMING-PB" Name="source_file_timing_summary_postroute_physopted.pb"/>
  <File Type="POSTROUTE-PHYSOPT-TIMING-RPX" Name="source_file_timing_summary_postroute_physopted.rpx"/>
  <File Type="POSTROUTE-PHYSOPT-BUS-SKEW" Name="source_file_bus_skew_postroute_physopted.rpt"/>
  <File Type="BG-BIT" Name="source_file.bit"/>
  <File Type="POSTROUTE-PHYSOPT-BUS-SKEW-PB" Name="source_file_bus_skew_postroute_physopted.pb"/>
  <File Type="POSTROUTE-PHYSOPT-BUS-SKEW-RPX" Name="source_file_bus_skew_postroute_physopted.rpx"/>
  <File Type="BITSTR-NKY" Name="source_file.nky"/>
  <File Type="BITSTR-BMM" Name="source_file_bd.bmm"/>
  <File Type="PDI-FILE" Name="source_file.pdi"/>
  <File Type="RCFI_FILE" Name="source_file.rcfi"/>
  <File Type="CFI_FILE" Name="source_file.cfi"/>
  <File Type="RNPI_FILE" Name="source_file.rnpi"/>
  <File Type="NPI_FILE" Name="source_file.npi"/>
  <File Type="RBD_FILE" Name="source_file.rbd"/>
  <File Type="BITSTR-LTX" Name="debug_nets.ltx"/>
  <File Type="BITSTR-LTX" Name="source_file.ltx"/>
  <File Type="BITSTR-SYSDEF" Name="source_file.sysdef"/>
  <File Type="BG-BGN" Name="source_file.bgn"/>
  <File Type="BG-DRC" Name="source_file.drc"/>
  <File Type="RDI-RDI" Name="source_file.vdi"/>
  <File Type="WBT-USG" Name="usage_statistics_webtalk.html"/>
  <FileSet Name="sources" Type="DesignSrcs" RelSrcDir="$PSRCDIR/sources_1" RelGenDir="$PGENDIR/sources_1">
    <Filter Type="Srcs"/>
    <File Path="$PSRCDIR/sources_1/new/decodeur2_4.vhd">
      <FileInfo>
        <Attr Name="UsedIn" Val="synthesis"/>
        <Attr Name="UsedIn" Val="simulation"/>
      </FileInfo>
    </File>
    <File Path="$PSRCDIR/sources_1/new/decodeur_BCD.vhd">
      <FileInfo>
        <Attr Name="UsedIn" Val="synthesis"/>
        <Attr Name="UsedIn" Val="simulation"/>
      </FileInfo>
    </File>
    <File Path="$PSRCDIR/sources_1/new/decodeur_affichage.vhd">
      <FileInfo>
        <Attr Name="UsedIn" Val="synthesis"/>
        <Attr Name="UsedIn" Val="simulation"/>
      </FileInfo>
    </File>
    <File Path="$PSRCDIR/sources_1/new/modulo_3.vhd">
      <FileInfo>
        <Attr Name="UsedIn" Val="synthesis"/>
        <Attr Name="UsedIn" Val="simulation"/>
      </FileInfo>
    </File>
    <File Path="$PSRCDIR/sources_1/new/source_file.vhd">
      <FileInfo>
        <Attr Name="UsedIn" Val="synthesis"/>
        <Attr Name="UsedIn" Val="simulation"/>
      </FileInfo>
    </File>
    <Config>
      <Option Name="DesignMode" Val="RTL"/>
      <Option Name="TopModule" Val="source_file"/>
      <Option Name="TopAutoSet" Val="TRUE"/>
    </Config>
  </FileSet>
  <FileSet Name="constrs_in" Type="Constrs" RelSrcDir="$PSRCDIR/constrs_1">
    <Filter Type="Constrs"/>
    <File Path="$PPRDIR/../VIVADO/TP3_Voltmetre/TP3_Frederic_Roman/Basys3_Master.xdc">
      <FileInfo>
        <Attr Name="UsedIn" Val="synthesis"/>
        <Attr Name="UsedIn" Val="implementation"/>
      </FileInfo>
    </File>
    <Config>
      <Option Name="ConstrsType" Val="XDC"/>
    </Config>
  </FileSet>
  <FileSet Name="utils" Type="Utils" RelSrcDir="$PSRCDIR/utils_1">
    <Filter Type="Utils"/>
    <File Path="$PSRCDIR/utils_1/imports/synth_1/source_file.dcp">
      <FileInfo>
        <Attr Name="UsedIn" Val="synthesis"/>
        <Attr Name="UsedIn" Val="implementation"/>
        <Attr Name="UsedInSteps" Val="synth_1"/>
        <Attr Name="AutoDcp" Val="1"/>
      </FileInfo>
    </File>
    <Config>
      <Option Name="TopAutoSet" Val="TRUE"/>
    </Config>
  </FileSet>
  <Strategy Version="1" Minor="2">
    <StratHandle Name="Vivado Implementation Defaults" Flow="Vivado Implementation 2021"/>
    <Step Id="init_design"/>
    <Step Id="opt_design"/>
    <Step Id="power_opt_design"/>
    <Step Id="place_design"/>
    <Step Id="post_place_power_opt_design"/>
    <Step Id="phys_opt_design"/>
    <Step Id="route_design"/>
    <Step Id="post_route_phys_opt_design"/>
    <Step Id="write_bitstream"/>
  </Strategy>
</GenRun>
